Age,Amount,BorrowerRate,CreditGrade,DebtToIncome,Status
1.7274067655749772,2.155178404110229,-1.977850767502375,,-0.3970216257224469,-0.999411591593656
-1.153722988143405,2.938067590309629,-0.3865429699099563,,0.3073117905918892,-0.999411591593656
-0.07329933049901165,1.1486065932824285,-0.2364195927785963,,0.35364951534941136,-0.999411591593656
-0.07329933049901165,1.2604479055966287,-1.5875299869608386,,0.35364951534941136,-0.999411591593656
-0.4334405497138094,3.385432839566429,-0.8549279065598003,,0.6780135886520662,-0.999411591593656
-1.5138642073582027,1.5959718425392286,-1.1371598555667577,,0.6780135886520662,-0.999411591593656
-1.5138642073582027,3.385432839566429,-1.1371598555667577,,0.6780135886520662,-0.999411591593656
1.3672655463601795,0.030193470140428363,-1.5875299869608386,,0.7011824510308272,-0.999411591593656
1.0071243271453816,-0.4171717791163717,-1.095125309969977,,0.724351313409588,-0.999411591593656
1.0071243271453816,-0.5290130914305717,-0.9870364784353974,,-0.8047936035886415,0.999411591593656
1.0071243271453816,-0.5737496163562518,-0.9870364784353974,,-0.8047936035886415,0.999411591593656
1.3672655463601795,0.030193470140428363,-2.0379001183549192,,-0.7352870164523584,0.999411591593656
1.0071243271453816,0.47755871939722844,-0.5366663470413167,,-0.6194427045585531,0.999411591593656
1.0071243271453816,-0.5290130914305717,-1.8877767412235589,,-0.4016553981981991,0.999411591593656
2.087547984789775,-0.4171717791163717,-1.0245673227182375,,-0.3553176734406771,0.999411591593656
-0.4334405497138094,1.1486065932824285,-1.2872832326981178,,-0.34141635601342046,0.999411591593656
-0.07329933049901165,-0.3053304668021717,-1.7226410263790626,,-0.017052282710765643,0.999411591593656
1.7274067655749772,3.385432839566429,-1.0020488161485335,,0.2517065208828626,0.999411591593656
1.0071243271453816,4.5038459627084295,-1.1371598555667577,,0.302678018116137,0.999411591593656
1.7274067655749772,-0.4171717791163717,-2.0379001183549192,,0.3119455630676414,0.999411591593656
-0.07329933049901165,4.5038459627084295,-0.8384143350753509,,0.4463249648644554,-0.999411591593656
1.0071243271453816,2.255835585193009,-1.080112972256841,,0.49266268962197757,-0.999411591593656
-1.153722988143405,0.2538760947688284,-1.6625916755265184,,0.5390004143794997,-0.999411591593656
-0.07329933049901165,1.8196544671676287,-1.399875765546638,,0.5390004143794997,-0.999411591593656
-1.153722988143405,0.2538760947688284,-2.1144630406919127,,0.5853381391370218,-0.999411591593656
-1.153722988143405,-0.5290130914305717,-1.8877767412235589,,0.5853381391370218,-0.999411591593656
-1.5138642073582027,1.2045272494395285,-1.895282910080127,,0.631675863894544,-0.999411591593656
-1.153722988143405,0.7012413440256285,-1.7766854421463525,,0.631675863894544,-0.999411591593656
-1.5138642073582027,1.1486065932824285,-1.7376533640921987,,0.724351313409588,-0.999411591593656
-0.7935817689286072,4.5038459627084295,-1.1371598555667577,,0.724351313409588,-0.999411591593656
-1.5138642073582027,0.1420347824546284,-2.0003692740720793,,0.8170267629246324,-0.999411591593656
1.3672655463601795,0.030193470140428363,-1.7376533640921987,,0.8679982601579067,-0.999411591593656
-1.5138642073582027,-0.5961178788190917,-2.2255543397691198,,1.048715386712243,-0.999411591593656
-1.153722988143405,-0.4171717791163717,-1.8202212215144469,,1.048715386712243,-0.999411591593656
-0.4334405497138094,0.2538760947688284,-1.494453493139395,,1.048715386712243,-0.999411591593656
-1.5138642073582027,-0.5290130914305717,-1.8877767412235589,,1.2804040104998538,-0.999411591593656
-1.5138642073582027,4.28016333808003,-1.2497523884152781,,1.4194171847724202,-0.999411591593656
1.3672655463601795,0.030193470140428363,-0.686789724172677,,9.357069435735957,-0.999411591593656
0.6469831079305839,1.7078131548534288,-1.6250608312436785,,-0.7584558788311195,0.999411591593656
2.087547984789775,-0.6408544037447718,-1.8877767412235589,,-1.1291576768912963,0.999411591593656
1.7274067655749772,1.8196544671676287,-1.8877767412235589,,-0.5870062972282877,0.999411591593656
-0.4334405497138094,4.5038459627084295,-1.1371598555667577,,-0.10972773222580982,0.999411591593656
0.28684188871578614,-0.5961178788190917,-1.1371598555667577,,0.8170267629246324,0.999411591593656
0.6469831079305839,0.7012413440256285,-1.63406823387156,,-0.8511313283461637,-0.999411591593656
-1.153722988143405,0.030193470140428363,-0.3865429699099563,,-0.8511313283461637,-0.999411591593656
-1.153722988143405,-0.5178289601991517,-1.8877767412235589,,-0.8511313283461637,-0.999411591593656
-0.07329933049901165,-0.7079591911332918,-1.850245896940719,,-0.8511313283461637,-0.999411591593656
-1.5138642073582027,-0.8645370283731718,-1.850245896940719,,-0.8511313283461637,-0.999411591593656
-0.07329933049901165,-0.1934891544879717,-1.7376533640921987,,-0.8511313283461637,-0.999411591593656
1.0071243271453816,-0.8645370283731718,-1.8877767412235589,,-0.7121181540735974,-0.999411591593656
0.28684188871578614,2.267019716424429,-0.8369131013040371,,-0.7121181540735974,-0.999411591593656
0.28684188871578614,0.030193470140428363,-1.5875299869608386,,-0.7121181540735974,-0.999411591593656
0.28684188871578614,4.5038459627084295,-1.6731003119257137,,-0.7121181540735974,-0.999411591593656
0.28684188871578614,0.030193470140428363,-1.1071351801404856,,-0.7121181540735974,-0.999411591593656
-0.07329933049901165,1.1486065932824285,-0.686789724172677,,-0.7121181540735974,-0.999411591593656
-0.4334405497138094,-0.6408544037447718,-1.5124682983951583,,-0.7121181540735974,-0.999411591593656
-0.07329933049901165,1.1486065932824285,-1.2872832326981178,,-0.7121181540735974,-0.999411591593656
0.6469831079305839,1.5959718425392286,-1.1071351801404856,,-0.7121181540735974,-0.999411591593656
0.6469831079305839,0.3657174070830284,-1.4749374541123181,,-0.7121181540735974,-0.999411591593656
-0.07329933049901165,-0.4171717791163717,-1.827727390371015,,-0.7121181540735974,-0.999411591593656
-0.07329933049901165,1.1486065932824285,-1.3563399861785437,,-0.7121181540735974,-0.999411591593656
-1.153722988143405,0.7012413440256285,-1.1371598555667577,,-0.7121181540735974,-0.999411591593656
-1.153722988143405,-0.8645370283731718,-1.6325670001002464,,-0.7121181540735974,-0.999411591593656
-1.5138642073582027,1.1486065932824285,-1.6250608312436785,,-0.7121181540735974,-0.999411591593656
-1.8740054265730004,-0.4730924352734717,-1.31730790812439,,-0.7121181540735974,-0.999411591593656
1.0071243271453816,0.030193470140428363,-1.6250608312436785,,-0.42945803305271246,-0.999411591593656
1.0071243271453816,-0.7526957160589718,-1.6926163509527905,,-0.41555671562545576,-0.999411591593656
1.3672655463601795,2.267019716424429,-1.2497523884152781,,-0.41555671562545576,-0.999411591593656
2.087547984789775,1.1486065932824285,-1.8877767412235589,,-0.41092294314970357,-0.999411591593656
1.7274067655749772,0.030193470140428363,-1.1371598555667577,,-0.4016553981981991,-0.999411591593656
1.0071243271453816,0.1979554386117284,-1.4524189475426141,,-0.39238785324669473,-0.999411591593656
1.3672655463601795,0.7012413440256285,-0.3865429699099563,,-0.39238785324669473,-0.999411591593656
-0.7935817689286072,-0.48427656650489176,-1.5049621295385902,,-0.3877540807709425,-0.999411591593656
-0.07329933049901165,0.030193470140428363,-1.6625916755265184,,-0.3877540807709425,-0.999411591593656
-1.153722988143405,0.2540997773934568,-0.8369131013040371,,0.26097406583436705,-0.999411591593656
-0.07329933049901165,-0.6408544037447718,-1.2872832326981178,,0.26097406583436705,-0.999411591593656
-0.7935817689286072,-0.4171717791163717,-0.686789724172677,,0.26097406583436705,-0.999411591593656
-1.153722988143405,-0.4507241728106317,-1.444912778686046,,0.26097406583436705,-0.999411591593656
0.6469831079305839,-0.5290130914305717,-0.9870364784353974,,0.26097406583436705,-0.999411591593656
1.0071243271453816,-0.1934891544879717,-1.3098017392678218,,0.26097406583436705,-0.999411591593656
0.6469831079305839,1.5959718425392286,-1.0996290112839178,,0.26097406583436705,-0.999411591593656
-1.5138642073582027,-0.6408544037447718,-1.1371598555667577,,0.26097406583436705,-0.999411591593656
1.7274067655749772,-0.4171717791163717,-2.18802349548628,,0.26560783831011925,-0.999411591593656
1.3672655463601795,1.1486065932824285,-0.7618514127383572,,0.29341047316463253,-0.999411591593656
-0.4334405497138094,0.030193470140428363,-1.2872832326981178,,0.3073117905918892,-0.999411591593656
-1.5138642073582027,2.602543653367029,-0.08629621564723593,,0.3073117905918892,-0.999411591593656
-1.5138642073582027,-0.1934891544879717,-1.1371598555667577,,0.35364951534941136,-0.999411591593656
-0.4334405497138094,0.47755871939722844,-1.4974559606820224,,0.35364951534941136,-0.999411591593656
-0.4334405497138094,2.267019716424429,-0.8369131013040371,,0.35364951534941136,-0.999411591593656
-0.7935817689286072,0.030193470140428363,-0.08629621564723593,,0.35364951534941136,-0.999411591593656
-1.5138642073582027,0.030193470140428363,-1.2872832326981178,,0.35364951534941136,-0.999411591593656
0.6469831079305839,1.1486065932824285,-0.9495056341525573,,0.35364951534941136,-0.999411591593656
0.6469831079305839,-0.8421687659103319,-1.5124682983951583,,0.3999872401069335,-0.999411591593656
-1.153722988143405,-0.4169480964917433,-0.8369131013040371,,0.9560399371971988,-0.999411591593656
-0.7935817689286072,-0.08164784217377166,0.21395053861548444,,0.9560399371971988,-0.999411591593656
-0.7935817689286072,1.8196544671676287,-0.5366663470413167,,1.0023776619547207,-0.999411591593656
0.6469831079305839,0.030193470140428363,-1.20471537527587,,1.0023776619547207,-0.999411591593656
0.6469831079305839,-0.6408544037447718,-1.5950361558174064,,1.048715386712243,-0.999411591593656
0.28684188871578614,-0.5290130914305717,-1.2872832326981178,,1.048715386712243,-0.999411591593656
-1.5138642073582027,0.8130826563398286,-1.4103844019458334,,1.2804040104998538,-0.999411591593656
-0.7935817689286072,-0.4171717791163717,-0.8369131013040371,,1.4194171847724202,-0.999411591593656
-0.4334405497138094,1.1486065932824285,-1.0365771928887462,,1.9291321571051634,-0.999411591593656
-1.153722988143405,-0.08164784217377166,-1.4073819344032061,,3.6899656978910036,-0.999411591593656
-0.4334405497138094,1.1486065932824285,-0.5366663470413167,,5.404461513919322,-0.999411591593656
1.0071243271453816,2.267019716424429,-0.7618514127383572,,-0.6657804293160753,0.999411591593656
1.3672655463601795,0.030193470140428363,-1.7526657018053347,,-0.5360347999950132,0.999411591593656
2.087547984789775,1.1486065932824285,-1.7151348575224947,,-0.4711619853344824,0.999411591593656
1.3672655463601795,2.2672433990490575,-1.2497523884152781,,-0.4526268954314735,0.999411591593656
0.28684188871578614,0.5894000317114285,-0.686789724172677,,-0.99014450261873,0.999411591593656
-0.07329933049901165,0.7012413440256285,-0.08629621564723593,,-0.6657804293160753,0.999411591593656
-0.4334405497138094,0.7012413440256285,-1.1371598555667577,,-0.6657804293160753,0.999411591593656
0.28684188871578614,0.7012413440256285,-0.9975451148345927,,-0.6657804293160753,0.999411591593656
1.0071243271453816,4.5038459627084295,-1.0245673227182375,,-0.6194427045585531,0.999411591593656
-0.07329933049901165,3.4972741518806294,-1.1371598555667577,,-0.6194427045585531,0.999411591593656
1.3672655463601795,4.5038459627084295,-0.8369131013040371,,-0.6055413871312965,0.999411591593656
1.0071243271453816,1.1486065932824285,0.06382716148412446,,-0.5035983926647479,0.999411591593656
0.28684188871578614,-0.4171717791163717,-1.4824436229688862,,-0.4804295302859868,0.999411591593656
-0.07329933049901165,0.3657174070830284,-1.31730790812439,,-0.34141635601342046,0.999411591593656
1.0071243271453816,1.9314957794818288,-1.257258557271846,,-0.29507863125589834,0.999411591593656
1.7274067655749772,1.5512353176135487,-0.3865429699099563,,-0.27654354135288944,0.999411591593656
0.6469831079305839,0.2538760947688284,-1.0245673227182375,,-0.24874090649837616,0.999411591593656
1.3672655463601795,1.5959718425392286,-0.08629621564723593,,-0.24874090649837616,0.999411591593656
0.6469831079305839,0.2538760947688284,-1.212221544132438,,-0.24874090649837616,0.999411591593656
1.0071243271453816,1.5959718425392286,0.06382716148412446,,0.21463634107684487,0.999411591593656
1.3672655463601795,-0.2941463355707517,-0.41656764533622836,,0.367550832776668,0.999411591593656
1.0071243271453816,4.5038459627084295,-0.3865429699099563,,0.6409434088460484,0.999411591593656
1.7274067655749772,0.030193470140428363,-0.3865429699099563,,0.6548447262733051,0.999411591593656
-0.4334405497138094,0.030193470140428363,-1.1371598555667577,,-0.99014450261873,-0.999411591593656
-0.07329933049901165,-0.4171717791163717,-1.5875299869608386,,-0.8511313283461637,-0.999411591593656
-0.7935817689286072,-0.4171717791163717,-1.1371598555667577,,-0.8511313283461637,-0.999411591593656
-0.07329933049901165,0.5894000317114285,-0.16135790421291613,,-0.8511313283461637,-0.999411591593656
-1.5138642073582027,-0.3053304668021717,-1.7676780395184708,,-0.8511313283461637,-0.999411591593656
-0.07329933049901165,-0.5290130914305717,-1.6625916755265184,,-0.8511313283461637,-0.999411591593656
0.28684188871578614,0.2540997773934568,-0.7768637504514933,,-0.8511313283461637,-0.999411591593656
1.0071243271453816,-0.4395400415792117,-0.8369131013040371,,-0.8511313283461637,-0.999411591593656
0.28684188871578614,0.2538760947688284,-1.212221544132438,,-0.8511313283461637,-0.999411591593656
-0.07329933049901165,-0.4171717791163717,-1.1371598555667577,,-0.7121181540735974,-0.999411591593656
-1.5138642073582027,0.030193470140428363,-1.0350759591174328,,-0.7121181540735974,-0.999411591593656
-1.5138642073582027,-0.08164784217377166,-1.6175546623871107,,-0.7121181540735974,-0.999411591593656
1.0071243271453816,-0.46190830404205174,-1.0020488161485335,,-0.7121181540735974,-0.999411591593656
-1.5138642073582027,1.5959718425392286,-1.2797770638415498,,-0.7121181540735974,-0.999411591593656
-1.153722988143405,0.2986126196945084,-0.9870364784353974,,-0.7121181540735974,-0.999411591593656
-0.7935817689286072,0.030193470140428363,-0.686789724172677,,-0.7121181540735974,-0.999411591593656
-1.5138642073582027,1.5959718425392286,-0.6417527110332689,,-0.7121181540735974,-0.999411591593656
-1.153722988143405,0.9249239686540285,-0.9645179718656933,,-0.7121181540735974,-0.999411591593656
-0.07329933049901165,-0.4171717791163717,-0.8669377767303091,,-0.7121181540735974,-0.999411591593656
-0.4334405497138094,2.267019716424429,0.05632099262755644,,-0.7121181540735974,-0.999411591593656
1.3672655463601795,0.7012413440256285,-0.3940491387665243,,-0.4248242605769602,-0.999411591593656
2.087547984789775,0.030193470140428363,-1.1371598555667577,,-0.4248242605769602,-0.999411591593656
-0.4334405497138094,0.030193470140428363,-1.3248140769809578,,-0.3877540807709425,-0.999411591593656
-1.5138642073582027,-0.5178289601991517,-1.7376533640921987,,-0.3877540807709425,-0.999411591593656
-1.5138642073582027,0.030193470140428363,-1.39236959669007,,-0.3877540807709425,-0.999411591593656
-1.8740054265730004,0.2538760947688284,-1.2872832326981178,,-0.3877540807709425,-0.999411591593656
1.0071243271453816,0.38808566954586843,-0.8369131013040371,,-0.3877540807709425,-0.999411591593656
-0.4334405497138094,0.17558717614888839,-1.1371598555667577,,-0.3877540807709425,-0.999411591593656
1.0071243271453816,0.1420347824546284,-1.0245673227182375,,0.22853765850410152,-0.999411591593656
1.7274067655749772,-0.3053304668021717,0.7393823585752458,,0.2563402933586148,-0.999411591593656
-1.8740054265730004,-0.14875262956229168,-1.1371598555667577,,0.26097406583436705,-0.999411591593656
-1.153722988143405,-0.7750639785218117,-0.9870364784353974,,0.26097406583436705,-0.999411591593656
-1.153722988143405,-0.08164784217377166,-0.9119747898697173,,0.26097406583436705,-0.999411591593656
-1.5138642073582027,-0.4171717791163717,-0.8369131013040371,,0.26097406583436705,-0.999411591593656
-1.5138642073582027,0.030193470140428363,-0.4616046584756365,,0.26097406583436705,-0.999411591593656
-1.153722988143405,1.1486065932824285,-0.5366663470413167,,0.26097406583436705,-0.999411591593656
-0.07329933049901165,0.5894000317114285,-0.6267403733201329,,0.26097406583436705,-0.999411591593656
0.28684188871578614,0.5894000317114285,-0.8369131013040371,,0.26097406583436705,-0.999411591593656
0.28684188871578614,-0.4171717791163717,-0.7243205684555172,,0.26097406583436705,-0.999411591593656
-0.7935817689286072,0.030193470140428363,-0.9870364784353974,,0.26097406583436705,-0.999411591593656
0.28684188871578614,0.1420347824546284,-0.9119747898697173,,0.26097406583436705,-0.999411591593656
-0.07329933049901165,-0.4171717791163717,-0.3490121256271162,,0.26097406583436705,-0.999411591593656
0.28684188871578614,-0.1934891544879717,-1.212221544132438,,0.26097406583436705,-0.999411591593656
0.6469831079305839,-0.1934891544879717,-1.1761919336209112,,0.26097406583436705,-0.999411591593656
1.7274067655749772,-0.8645370283731718,-0.9495056341525573,,0.29341047316463253,-0.999411591593656
-1.5138642073582027,-0.4171717791163717,-1.0996290112839178,,0.3073117905918892,-0.999411591593656
-1.153722988143405,1.0926859371253286,-1.147668491965953,,0.3073117905918892,-0.999411591593656
-1.5138642073582027,0.3657174070830284,-1.0245673227182375,,0.3073117905918892,-0.999411591593656
1.0071243271453816,0.030193470140428363,-0.3865429699099563,,0.3073117905918892,-0.999411591593656
-1.153722988143405,1.3722892179108286,-0.3865429699099563,,0.3073117905918892,-0.999411591593656
-1.5138642073582027,2.557807128441349,-0.5366663470413167,,0.4463249648644554,-0.999411591593656
-1.5138642073582027,-0.5178289601991517,-0.5817033601807248,,0.4463249648644554,-0.999411591593656
-0.07329933049901165,1.1486065932824285,-0.4691108273322045,,0.4463249648644554,-0.999411591593656
-0.7935817689286072,4.5038459627084295,-0.3865429699099563,,0.4463249648644554,-0.999411591593656
-0.4334405497138094,0.030193470140428363,-1.0170611538616694,,0.4463249648644554,-0.999411591593656
-1.5138642073582027,1.1486065932824285,-0.8669377767303091,,0.4463249648644554,-0.999411591593656
-0.4334405497138094,-0.5290130914305717,0.21395053861548444,,0.49266268962197757,-0.999411591593656
-0.7935817689286072,0.030193470140428363,-0.9510068679238711,,0.49266268962197757,-0.999411591593656
-1.5138642073582027,0.4216380632401284,-0.8489229714745462,,0.5390004143794997,-0.999411591593656
-0.4334405497138094,-0.7750639785218117,-1.3248140769809578,,0.5390004143794997,-0.999411591593656
-0.07329933049901165,-0.4171717791163717,-0.011234527081555735,,0.5390004143794997,-0.999411591593656
0.28684188871578614,-0.1934891544879717,-1.0771105047142135,,0.5390004143794997,-0.999411591593656
-0.07329933049901165,-0.1934891544879717,-0.686789724172677,,0.5390004143794997,-0.999411591593656
2.447689204004573,1.1486065932824285,-2.0379001183549192,,0.5390004143794997,-0.999411591593656
0.6469831079305839,-0.8645370283731718,-0.3865429699099563,,0.5390004143794997,-0.999411591593656
-0.7935817689286072,0.007825207677588361,-0.011234527081555735,,0.5390004143794997,-0.999411591593656
1.3672655463601795,-0.1934891544879717,-0.7243205684555172,,0.5760705941855174,-0.999411591593656
-1.153722988143405,-0.7526957160589718,-0.8369131013040371,,0.5853381391370218,-0.999411591593656
-1.5138642073582027,0.7012413440256285,-0.1538517353563481,,0.5853381391370218,-0.999411591593656
0.28684188871578614,0.8745953781126385,-0.7243205684555172,,0.5853381391370218,-0.999411591593656
-1.5138642073582027,0.47755871939722844,0.36407391574684483,,0.631675863894544,-0.999411591593656
-1.5138642073582027,0.030193470140428363,0.21395053861548444,,0.631675863894544,-0.999411591593656
-0.07329933049901165,0.5894000317114285,-0.7708588153662387,,0.631675863894544,-0.999411591593656
-1.153722988143405,1.1486065932824285,0.21395053861548444,,0.631675863894544,-0.999411591593656
-0.7935817689286072,-0.6408544037447718,-0.16135790421291613,,0.631675863894544,-0.999411591593656
-0.7935817689286072,0.9249239686540285,-0.686789724172677,,0.631675863894544,-0.999411591593656
-0.7935817689286072,0.030193470140428363,0.1238765123366686,,0.631675863894544,-0.999411591593656
-0.7935817689286072,-0.6408544037447718,-0.9419994652959893,,0.631675863894544,-0.999411591593656
0.6469831079305839,3.0499089026238293,-0.649258879889837,,0.6780135886520662,-0.999411591593656
1.7274067655749772,-0.7526957160589718,-1.1371598555667577,,0.7058162235065795,-0.999411591593656
-1.153722988143405,-0.8645370283731718,-1.362344921263798,,0.724351313409588,-0.999411591593656
-1.153722988143405,0.7012413440256285,-0.3865429699099563,,0.724351313409588,-0.999411591593656
-0.4334405497138094,0.5894000317114285,0.6643206700095656,,0.724351313409588,-0.999411591593656
-0.07329933049901165,-0.4171717791163717,-0.3865429699099563,,0.724351313409588,-0.999411591593656
-0.4334405497138094,0.47755871939722844,0.06382716148412446,,0.724351313409588,-0.999411591593656
-1.153722988143405,-0.4171717791163717,-0.5366663470413167,,0.724351313409588,-0.999411591593656
1.3672655463601795,-0.3500669917278517,-1.3022955704112538,,-0.8279624659674026,0.999411591593656
1.7274067655749772,-0.1934891544879717,-1.4374066098294782,,-0.8001598311128892,0.999411591593656
2.087547984789775,0.2540997773934568,0.02629631720128436,,-0.6472453394130664,0.999411591593656
1.0071243271453816,1.1709748557452686,-0.686789724172677,,-0.5545698898980221,0.999411591593656
1.3672655463601795,-0.6408544037447718,0.06382716148412446,,-0.5128659376162523,0.999411591593656
1.3672655463601795,-0.37243525419069173,-1.2872832326981178,,-0.3182474936346594,0.999411591593656
1.7274067655749772,-0.4171717791163717,1.1146908014036458,,0.21000256860109265,0.999411591593656
1.3672655463601795,-0.1934891544879717,0.17641969433264432,,1.1460246087030395,0.999411591593656
0.28684188871578614,0.5894000317114285,-1.0620981670010776,,-1.0828199521337742,0.999411591593656
1.0071243271453816,0.030193470140428363,-1.0620981670010776,,-0.9252716879581991,0.999411591593656
0.28684188871578614,0.030193470140428363,-0.5366663470413167,,-0.8974690531036859,0.999411591593656
0.6469831079305839,0.47755871939722844,-0.2364195927785963,,-0.7121181540735974,0.999411591593656
0.28684188871578614,3.385432839566429,-1.0245673227182375,,-0.6657804293160753,0.999411591593656
1.0071243271453816,-0.1934891544879717,0.17641969433264432,,-0.6240764770343054,0.999411591593656
0.6469831079305839,0.030193470140428363,0.10886417462353257,,-0.5267672550435089,0.999411591593656
-0.07329933049901165,0.2538760947688284,0.05632099262755644,,-0.4804295302859868,0.999411591593656
-0.4334405497138094,0.030193470140428363,-0.3865429699099563,,-0.43409180552846466,0.999411591593656
1.3672655463601795,0.47755871939722844,-0.3865429699099563,,-0.420190488101208,0.999411591593656
1.0071243271453816,0.47755871939722844,-0.2364195927785963,,-0.3877540807709425,0.999411591593656
-0.07329933049901165,0.030193470140428363,-0.686789724172677,,-0.34141635601342046,0.999411591593656
1.3672655463601795,0.47755871939722844,0.17641969433264432,,-0.27654354135288944,0.999411591593656
1.7274067655749772,0.5222952443229084,-1.362344921263798,,-0.267275996401385,0.999411591593656
-0.7935817689286072,0.9249239686540285,0.06382716148412446,,-0.24874090649837616,0.999411591593656
1.3672655463601795,0.2538760947688284,-0.24392576163516433,,-0.23020581659536743,0.999411591593656
1.0071243271453816,1.7078131548534288,-0.08629621564723593,,-0.10046018727430539,0.999411591593656
1.7274067655749772,0.2538760947688284,-1.0620981670010776,,0.06172184937702202,0.999411591593656
-1.153722988143405,-0.4171717791163717,-0.2364195927785963,,0.3073117905918892,0.999411591593656
-0.07329933049901165,1.148830275907057,0.439135604312525,,0.49266268962197757,0.999411591593656
0.6469831079305839,2.490702341052829,0.36407391574684483,,0.8170267629246324,0.999411591593656
0.28684188871578614,0.9249239686540285,0.17641969433264432,,1.4657549095299418,0.999411591593656
-0.07329933049901165,1.148830275907057,-0.16135790421291613,,1.9291321571051634,0.999411591593656
-0.4334405497138094,-0.4169480964917433,0.814444047140926,,0.26097406583436705,-0.999411591593656
-0.7935817689286072,2.267019716424429,0.06382716148412446,,0.26097406583436705,-0.999411591593656
-0.4334405497138094,0.030193470140428363,0.34906157803370874,,0.26097406583436705,-0.999411591593656
-0.4334405497138094,-0.7526957160589718,-1.1371598555667577,,0.26097406583436705,-0.999411591593656
-0.7935817689286072,0.7012413440256285,-0.5741971913241568,,0.3073117905918892,-0.999411591593656
-0.07329933049901165,-0.4169480964917433,0.36407391574684483,,0.3073117905918892,-0.999411591593656
-0.07329933049901165,0.030193470140428363,0.36407391574684483,,0.3073117905918892,-0.999411591593656
-1.5138642073582027,0.13085065122320838,-0.3865429699099563,,0.3073117905918892,-0.999411591593656
1.0071243271453816,-0.4171717791163717,0.06382716148412446,,0.3073117905918892,-0.999411591593656
0.6469831079305839,-0.5178289601991517,-0.5516786847544527,,0.3073117905918892,-0.999411591593656
-1.153722988143405,0.2540997773934568,-0.08629621564723593,,0.3073117905918892,-0.999411591593656
-1.153722988143405,-0.6565121874687597,-0.844419270160605,,0.3073117905918892,-0.999411591593656
-1.153722988143405,0.3657174070830284,0.5141972928782051,,0.3073117905918892,-0.999411591593656
-0.07329933049901165,-0.1934891544879717,-1.182196868706166,,0.3073117905918892,-0.999411591593656
-1.153722988143405,-0.6408544037447718,0.36407391574684483,,0.3073117905918892,-0.999411591593656
-1.5138642073582027,2.938067590309629,-0.8369131013040371,,0.3073117905918892,-0.999411591593656
-1.5138642073582027,0.47755871939722844,0.21395053861548444,,0.3073117905918892,-0.999411591593656
-1.5138642073582027,-0.1934891544879717,-1.1371598555667577,,0.35364951534941136,-0.999411591593656
-0.7935817689286072,-0.4171717791163717,-0.686789724172677,,0.35364951534941136,-0.999411591593656
-0.7935817689286072,-0.4169480964917433,0.34906157803370874,,0.35364951534941136,-0.999411591593656
-0.7935817689286072,-0.3948035166535317,0.9645674242722855,,0.35364951534941136,-0.999411591593656
-1.5138642073582027,-0.8645370283731718,-0.23792082654990976,,0.35364951534941136,-0.999411591593656
-1.5138642073582027,0.8130826563398286,-0.8459205039319189,,0.35364951534941136,-0.999411591593656
-0.7935817689286072,4.5038459627084295,0.814444047140926,,0.3999872401069335,-0.999411591593656
1.0071243271453816,1.2828161680594685,-0.2364195927785963,,0.3999872401069335,-0.999411591593656
-0.4334405497138094,-0.5290130914305717,-0.8369131013040371,,0.3999872401069335,-0.999411591593656
-0.7935817689286072,-0.8645370283731718,-0.3865429699099563,,0.3999872401069335,-0.999411591593656
-0.07329933049901165,2.267019716424429,0.9645674242722855,,0.3999872401069335,-0.999411591593656
-0.07329933049901165,1.8196544671676287,0.19893820090234837,,0.3999872401069335,-0.999411591593656
-1.5138642073582027,0.5446635067857485,-0.46460712601826376,,0.3999872401069335,-0.999411591593656
-1.5138642073582027,-0.014543054785251643,-1.1446660244233258,,0.3999872401069335,-0.999411591593656
-0.07329933049901165,0.030193470140428363,-0.07879004679066791,,0.3999872401069335,-0.999411591593656
-1.153722988143405,0.3657174070830284,-0.5456737496691981,,0.4463249648644554,-0.999411591593656
-0.4334405497138094,0.030193470140428363,0.06382716148412446,,0.4463249648644554,-0.999411591593656
-1.5138642073582027,-0.4171717791163717,-0.686789724172677,,0.4463249648644554,-0.999411591593656
-0.7935817689286072,0.5894000317114285,0.21395053861548444,,0.4463249648644554,-0.999411591593656
-0.7935817689286072,3.3630645771035894,0.6643206700095656,,0.4463249648644554,-0.999411591593656
-1.5138642073582027,0.019009338909008362,-0.6882909579439905,,0.4463249648644554,-0.999411591593656
-1.5138642073582027,-0.5178289601991517,-0.5531799185257661,,0.4463249648644554,-0.999411591593656
-1.5138642073582027,0.7012413440256285,-0.686789724172677,,0.4463249648644554,-0.999411591593656
-0.4334405497138094,-0.4171717791163717,0.79943170942779,,0.49266268962197757,-0.999411591593656
-0.7935817689286072,0.030193470140428363,0.9645674242722855,,0.49266268962197757,-0.999411591593656
0.6469831079305839,-0.4171717791163717,-0.5741971913241568,,0.49266268962197757,-0.999411591593656
-0.07329933049901165,0.47755871939722844,-0.3865429699099563,,0.49266268962197757,-0.999411591593656
-0.07329933049901165,0.47755871939722844,-0.2364195927785963,,0.49266268962197757,-0.999411591593656
-0.7935817689286072,0.5894000317114285,-0.6117280356069968,,0.49266268962197757,-0.999411591593656
0.28684188871578614,-0.1934891544879717,0.5141972928782051,,0.49266268962197757,-0.999411591593656
-1.5138642073582027,-0.3053304668021717,-0.16285913798422955,,0.49266268962197757,-0.999411591593656
-1.5138642073582027,0.030193470140428363,-0.08629621564723593,,0.49266268962197757,-0.999411591593656
-0.4334405497138094,4.28016333808003,0.9645674242722855,,0.5390004143794997,-0.999411591593656
-1.153722988143405,-0.6408544037447718,-0.844419270160605,,0.5390004143794997,-0.999411591593656
-0.7935817689286072,-0.4171717791163717,0.34906157803370874,,0.5390004143794997,-0.999411591593656
0.6469831079305839,0.3657174070830284,-0.2364195927785963,,0.5390004143794997,-0.999411591593656
1.0071243271453816,0.5894000317114285,-0.08629621564723593,,0.5390004143794997,-0.999411591593656
0.28684188871578614,-0.5290130914305717,-0.2739504370614364,,0.5390004143794997,-0.999411591593656
-0.07329933049901165,1.7078131548534288,0.5126960591068918,,0.5390004143794997,-0.999411591593656
-0.4334405497138094,-0.7303274535961318,-1.7376533640921987,,0.5390004143794997,-0.999411591593656
-1.5138642073582027,2.714384965681229,-0.686789724172677,,0.5853381391370218,-0.999411591593656
0.28684188871578614,0.5894000317114285,-2.52580109403184,,0.5853381391370218,-0.999411591593656
-0.07329933049901165,0.030193470140428363,0.36407391574684483,,0.5853381391370218,-0.999411591593656
-0.4334405497138094,-0.4171717791163717,0.31303196752218254,,0.5853381391370218,-0.999411591593656
-0.4334405497138094,1.1486065932824285,0.6493083322964296,,0.5853381391370218,-0.999411591593656
-1.5138642073582027,-0.5290130914305717,-1.362344921263798,,0.5853381391370218,-0.999411591593656
3.167971642434168,-0.1934891544879717,-1.4374066098294782,,0.6038732290400307,-0.999411591593656
-1.153722988143405,-0.8645370283731718,-0.5366663470413167,,0.631675863894544,-0.999411591593656
-0.7935817689286072,-0.4171717791163717,0.36407391574684483,,0.631675863894544,-0.999411591593656
-0.4334405497138094,-0.4171717791163717,-0.16135790421291613,,0.631675863894544,-0.999411591593656
-1.5138642073582027,-0.5290130914305717,-0.3865429699099563,,0.631675863894544,-0.999411591593656
-0.7935817689286072,0.030193470140428363,-0.05627154022096385,,0.631675863894544,-0.999411591593656
-1.5138642073582027,-0.4171717791163717,0.21395053861548444,,0.631675863894544,-0.999411591593656
-0.7935817689286072,-0.4171717791163717,0.5592343060176133,,0.631675863894544,-0.999411591593656
-1.5138642073582027,-0.4395400415792117,0.5892589814438853,,0.6780135886520662,-0.999411591593656
-0.4334405497138094,4.5038459627084295,0.212449304844171,,0.6780135886520662,-0.999411591593656
-1.153722988143405,0.1420347824546284,-0.2364195927785963,,0.6780135886520662,-0.999411591593656
1.0071243271453816,-0.6408544037447718,0.17641969433264432,,0.7011824510308272,-0.999411591593656
-0.7935817689286072,-0.21585741695081168,-0.3865429699099563,,0.724351313409588,-0.999411591593656
-1.153722988143405,1.1486065932824285,1.1146908014036458,,0.724351313409588,-0.999411591593656
-0.07329933049901165,-0.5290130914305717,-0.5877082952659793,,0.724351313409588,-0.999411591593656
1.3672655463601795,-0.40598764788495173,0.06382716148412446,,0.7521539482641013,-0.999411591593656
-1.153722988143405,-0.025727186016671646,-0.3865429699099563,,0.7706890381671102,-0.999411591593656
-0.4334405497138094,-0.8645370283731718,-1.1371598555667577,,0.7706890381671102,-0.999411591593656
-0.07329933049901165,0.2538760947688284,0.9645674242722855,,0.7706890381671102,-0.999411591593656
-0.7935817689286072,0.47755871939722844,0.9645674242722855,,0.8170267629246324,-0.999411591593656
0.28684188871578614,1.1486065932824285,0.9270365799894454,,0.8170267629246324,-0.999411591593656
-1.5138642073582027,-0.4169480964917433,0.2064443697589164,,10.084571714429055,-0.999411591593656
1.3672655463601795,-0.3948035166535317,-0.011234527081555735,,-0.9113703705309425,0.999411591593656
1.3672655463601795,0.2538760947688284,0.02629631720128436,,-0.573104979801031,0.999411591593656
1.7274067655749772,-0.4171717791163717,-0.3865429699099563,,-0.34605012848917266,0.999411591593656
0.6469831079305839,-0.6408544037447718,0.21395053861548444,,-0.20240318174085414,0.999411591593656
-0.07329933049901165,-0.1934891544879717,0.06382716148412446,,-1.0364822273762522,0.999411591593656
0.6469831079305839,0.2762443572316684,-0.3865429699099563,,-0.8511313283461637,0.999411591593656
2.087547984789775,0.030193470140428363,-1.4374066098294782,,-0.8186949210158981,0.999411591593656
-0.7935817689286072,0.030193470140428363,-0.059274007763591145,,-0.8047936035886415,0.999411591593656
-0.07329933049901165,0.030193470140428363,-0.36402446334025224,,-0.8047936035886415,0.999411591593656
0.6469831079305839,-0.5178289601991517,0.5442219683044772,,-0.7584558788311195,0.999411591593656
1.0071243271453816,-0.5290130914305717,-0.49913550275847657,,-0.749188333879615,0.999411591593656
-0.7935817689286072,0.3657174070830284,-0.3865429699099563,,-0.7121181540735974,0.999411591593656
0.6469831079305839,0.7828855020149945,0.9195304111328774,,-0.7121181540735974,0.999411591593656
1.3672655463601795,1.1486065932824285,0.02629631720128436,,-0.6518791118888186,0.999411591593656
1.3672655463601795,-0.4169480964917433,-0.2364195927785963,,-0.6472453394130664,0.999411591593656
1.0071243271453816,1.5959718425392286,0.17641969433264432,,-0.5777387522767832,0.999411591593656
0.28684188871578614,-0.4171717791163717,-1.0245673227182375,,-0.573104979801031,0.999411591593656
0.6469831079305839,-0.7526957160589718,-1.2872832326981178,,-0.5267672550435089,0.999411591593656
0.28684188871578614,0.47755871939722844,0.5141972928782051,,-0.5267672550435089,0.999411591593656
1.3672655463601795,-0.2605939418764917,-0.3865429699099563,,-0.4943308477132434,0.999411591593656
0.28684188871578614,0.2538760947688284,0.21395053861548444,,-0.4804295302859868,0.999411591593656
1.3672655463601795,0.2259157666902784,0.17641969433264432,,-0.43409180552846466,0.999411591593656
0.6469831079305839,-0.4171717791163717,-1.1521721932798938,,-0.43409180552846466,0.999411591593656
1.0071243271453816,-0.5290130914305717,-0.5366663470413167,,-0.420190488101208,0.999411591593656
1.0071243271453816,-0.5290130914305717,0.21395053861548444,,-0.3831203082951903,0.999411591593656
1.3672655463601795,-0.6408544037447718,0.17641969433264432,,-0.373852763343686,0.999411591593656
-0.07329933049901165,-0.48427656650489176,-0.08629621564723593,,-0.34141635601342046,0.999411591593656
0.6469831079305839,-0.1934891544879717,0.17641969433264432,,-0.29507863125589834,0.999411591593656
0.6469831079305839,-0.3053304668021717,-0.40906147647966035,,-0.29507863125589834,0.999411591593656
-0.07329933049901165,0.030193470140428363,0.36407391574684483,,-0.29507863125589834,0.999411591593656
1.3672655463601795,-0.08164784217377166,0.17641969433264432,,-0.23947336154687174,0.999411591593656
-0.07329933049901165,-0.5737496163562518,0.36407391574684483,,-0.20240318174085414,0.999411591593656
0.6469831079305839,-0.4171717791163717,0.5141972928782051,,-0.0633900074682878,0.999411591593656
0.6469831079305839,0.7012413440256285,0.9270365799894454,,-0.0633900074682878,0.999411591593656
-0.07329933049901165,-0.4169480964917433,0.8895057357066053,,0.029285442046756514,0.999411591593656
-0.4334405497138094,1.1486065932824285,0.3340492403205727,,0.21463634107684487,0.999411591593656
-1.153722988143405,-0.5178289601991517,-0.3865429699099563,,0.21463634107684487,0.999411591593656
-0.4334405497138094,-0.4169480964917433,0.9645674242722855,,0.26097406583436705,0.999411591593656
-0.4334405497138094,-0.28296220433933167,0.5141972928782051,,0.3073117905918892,0.999411591593656
-0.7935817689286072,0.030193470140428363,0.6132787217849028,,0.3073117905918892,0.999411591593656
0.6469831079305839,-0.4171717791163717,0.9270365799894454,,0.5853381391370218,0.999411591593656
1.0071243271453816,-0.4171717791163717,0.17641969433264432,,0.6038732290400307,0.999411591593656
0.6469831079305839,-0.4169480964917433,0.9270365799894454,,0.631675863894544,0.999411591593656
-0.07329933049901165,1.0367652809682286,-0.3865429699099563,,1.373079460014898,0.999411591593656
1.0071243271453816,-0.4169480964917433,0.36407391574684483,,1.4657549095299418,0.999411591593656
-0.7935817689286072,0.9249239686540285,0.5141972928782051,,1.9754698818626855,0.999411591593656
-1.5138642073582027,0.030193470140428363,0.9645674242722855,,-0.43409180552846466,-0.999411591593656
-1.5138642073582027,-0.8645370283731718,-1.1371598555667577,,-0.43409180552846466,-0.999411591593656
-0.4334405497138094,-0.5737496163562518,0.9645674242722855,,-0.43409180552846466,-0.999411591593656
-1.5138642073582027,-0.8645370283731718,-1.2872832326981178,,-0.43409180552846466,-0.999411591593656
-0.4334405497138094,-0.5178289601991517,-0.011234527081555735,,-0.43409180552846466,-0.999411591593656
-1.153722988143405,0.47755871939722844,0.6643206700095656,,-0.43409180552846466,-0.999411591593656
-1.5138642073582027,-0.22279157831429208,0.06382716148412446,,-0.43409180552846466,-0.999411591593656
-0.4334405497138094,-0.08164784217377166,0.9645674242722855,,-0.43409180552846466,-0.999411591593656
-1.153722988143405,-0.3053304668021717,0.9645674242722855,,-0.43409180552846466,-0.999411591593656
-0.4334405497138094,-0.4171717791163717,-0.7768637504514933,,-0.43409180552846466,-0.999411591593656
0.28684188871578614,-0.08164784217377166,0.3265430714640047,,-0.43409180552846466,-0.999411591593656
0.28684188871578614,0.030193470140428363,0.21395053861548444,,-0.43409180552846466,-0.999411591593656
-0.7935817689286072,-0.8645370283731718,0.5742466437307493,,-0.43409180552846466,-0.999411591593656
-0.7935817689286072,-0.6967750599018718,1.0771599571208057,,-0.43409180552846466,-0.999411591593656
-0.4334405497138094,-0.2605939418764917,0.9645674242722855,,-0.43409180552846466,-0.999411591593656
-0.07329933049901165,-0.4171717791163717,0.9645674242722855,,-0.43409180552846466,-0.999411591593656
0.28684188871578614,-0.8086163722160717,-0.3865429699099563,,-0.43409180552846466,-0.999411591593656
0.28684188871578614,-0.8186820903243498,0.17641969433264432,,-0.43409180552846466,-0.999411591593656
-0.07329933049901165,-0.4169480964917433,0.9645674242722855,,-0.43409180552846466,-0.999411591593656
-1.5138642073582027,0.8130826563398286,0.9645674242722855,,0.3073117905918892,-0.999411591593656
-1.153722988143405,1.0367652809682286,0.9645674242722855,,0.3073117905918892,-0.999411591593656
-0.4334405497138094,-0.3053304668021717,0.9645674242722855,,0.3073117905918892,-0.999411591593656
-1.5138642073582027,-0.7526957160589718,-1.1371598555667577,,0.3073117905918892,-0.999411591593656
0.6469831079305839,-0.7862481097532318,0.9270365799894454,,0.3073117905918892,-0.999411591593656
-0.7935817689286072,0.7012413440256285,0.6643206700095656,,0.3073117905918892,-0.999411591593656
-0.07329933049901165,-0.8645370283731718,0.9645674242722855,,0.3073117905918892,-0.999411591593656
-0.07329933049901165,-0.4171717791163717,0.21395053861548444,,0.3073117905918892,-0.999411591593656
0.6469831079305839,-0.5290130914305717,0.9270365799894454,,0.35364951534941136,-0.999411591593656
-1.153722988143405,0.8130826563398286,0.21395053861548444,,0.35364951534941136,-0.999411591593656
0.6469831079305839,-0.4171717791163717,0.36407391574684483,,0.35364951534941136,-0.999411591593656
-1.153722988143405,0.8130826563398286,0.5066911240216372,,0.35364951534941136,-0.999411591593656
-1.153722988143405,-0.4169480964917433,0.17341722679001745,,0.3999872401069335,-0.999411591593656
-0.7935817689286072,-0.6408544037447718,0.8895057357066053,,0.3999872401069335,-0.999411591593656
-0.07329933049901165,-0.8198005034474918,0.03380248605785238,,0.3999872401069335,-0.999411591593656
-0.7935817689286072,-0.4171717791163717,0.9645674242722855,,0.3999872401069335,-0.999411591593656
-1.5138642073582027,-0.5290130914305717,0.9645674242722855,,0.4463249648644554,-0.999411591593656
-1.153722988143405,-0.5178289601991517,0.04881482377098842,,0.4463249648644554,-0.999411591593656
-1.5138642073582027,0.1420347824546284,0.13888885004980422,,0.4463249648644554,-0.999411591593656
-0.7935817689286072,-0.8086163722160717,-1.1371598555667577,,0.4463249648644554,-0.999411591593656
-1.153722988143405,-0.7526957160589718,0.9645674242722855,,0.4463249648644554,-0.999411591593656
-0.7935817689286072,-0.4171717791163717,0.36407391574684483,,0.4463249648644554,-0.999411591593656
1.0071243271453816,-0.7526957160589718,0.17641969433264432,,0.4463249648644554,-0.999411591593656
-0.7935817689286072,-0.1934891544879717,0.9645674242722855,,0.4463249648644554,-0.999411591593656
-1.5138642073582027,-0.4171717791163717,0.9645674242722855,,0.4463249648644554,-0.999411591593656
-0.7935817689286072,1.1486065932824285,0.2514813828983245,,0.49266268962197757,-0.999411591593656
-1.153722988143405,2.267019716424429,0.814444047140926,,0.49266268962197757,-0.999411591593656
-0.4334405497138094,2.267019716424429,0.9645674242722855,,0.49266268962197757,-0.999411591593656
-1.5138642073582027,1.1486065932824285,0.06382716148412446,,0.49266268962197757,-0.999411591593656
-0.4334405497138094,-0.5455656056530733,-2.488270249749,,0.49266268962197757,-0.999411591593656
-0.4334405497138094,-0.7526957160589718,0.9645674242722855,,0.49266268962197757,-0.999411591593656
1.0071243271453816,-0.8421687659103319,-0.3865429699099563,,0.5390004143794997,-0.999411591593656
-0.4334405497138094,0.030193470140428363,-1.1371598555667577,,0.5390004143794997,-0.999411591593656
-0.4334405497138094,-0.1934891544879717,0.9645674242722855,,0.5390004143794997,-0.999411591593656
0.6469831079305839,0.030193470140428363,0.36407391574684483,,0.5390004143794997,-0.999411591593656
-1.8740054265730004,-0.8645370283731718,-0.23792082654990976,,0.5390004143794997,-0.999411591593656
-0.7935817689286072,0.09729825752894838,0.9645674242722855,,0.5390004143794997,-0.999411591593656
-1.5138642073582027,-0.8645370283731718,0.9570612554157175,,0.5853381391370218,-0.999411591593656
-1.5138642073582027,-0.1934891544879717,-0.2364195927785963,,0.5853381391370218,-0.999411591593656
-1.153722988143405,-0.8198005034474918,0.36407391574684483,,0.5853381391370218,-0.999411591593656
-0.7935817689286072,-0.4171717791163717,0.9645674242722855,,0.5853381391370218,-0.999411591593656
0.28684188871578614,-0.6073020100505118,0.7393823585752458,,0.5853381391370218,-0.999411591593656
-0.7935817689286072,0.47755871939722844,0.4766664485953651,,0.5853381391370218,-0.999411591593656
-1.153722988143405,-0.4169480964917433,0.9645674242722855,,0.5853381391370218,-0.999411591593656
-0.7935817689286072,-0.7191433223647118,0.9270365799894454,,0.5853381391370218,-0.999411591593656
-0.4334405497138094,0.029969787515799966,0.9645674242722855,,0.5853381391370218,-0.999411591593656
-1.5138642073582027,-0.6408544037447718,0.9645674242722855,,0.5853381391370218,-0.999411591593656
-0.07329933049901165,0.7012413440256285,0.9645674242722855,,0.5853381391370218,-0.999411591593656
-1.153722988143405,1.1486065932824285,0.814444047140926,,0.5853381391370218,-0.999411591593656
-0.07329933049901165,1.5959718425392286,0.9645674242722855,,0.5853381391370218,-0.999411591593656
0.28684188871578614,-0.41829019223951375,0.79943170942779,,0.5853381391370218,-0.999411591593656
-1.5138642073582027,-0.8645370283731718,0.05632099262755644,,0.631675863894544,-0.999411591593656
-1.153722988143405,-0.3053304668021717,0.9645674242722855,,0.631675863894544,-0.999411591593656
-0.7935817689286072,4.5038459627084295,0.36407391574684483,,0.631675863894544,-0.999411591593656
-0.07329933049901165,-0.08164784217377166,0.36407391574684483,,0.631675863894544,-0.999411591593656
-1.153722988143405,-0.8645370283731718,-1.5875299869608386,,0.631675863894544,-0.999411591593656
-0.4334405497138094,-0.7526957160589718,0.9645674242722855,,0.631675863894544,-0.999411591593656
-0.07329933049901165,0.6565048190999485,0.9645674242722855,,0.631675863894544,-0.999411591593656
1.3672655463601795,0.030193470140428363,0.4016047600296849,,0.6687460437005618,-0.999411591593656
-1.5138642073582027,-0.6408544037447718,0.21395053861548444,,0.6780135886520662,-0.999411591593656
-1.153722988143405,-0.8645370283731718,-0.3865429699099563,,0.6780135886520662,-0.999411591593656
-1.5138642073582027,-0.5178289601991517,-0.5591848536110208,,0.6780135886520662,-0.999411591593656
0.6469831079305839,0.8130826563398286,-0.49913550275847657,,0.6780135886520662,-0.999411591593656
-0.07329933049901165,-0.4395400415792117,0.9645674242722855,,0.6780135886520662,-0.999411591593656
-1.5138642073582027,-0.4171717791163717,0.9645674242722855,,0.6780135886520662,-0.999411591593656
-0.07329933049901165,0.030193470140428363,0.9645674242722855,,0.6780135886520662,-0.999411591593656
0.28684188871578614,-0.3612511229592717,0.439135604312525,,0.6780135886520662,-0.999411591593656
0.28684188871578614,-0.4730924352734717,0.9270365799894454,,0.724351313409588,-0.999411591593656
-1.5138642073582027,-0.5178289601991517,0.9645674242722855,,0.724351313409588,-0.999411591593656
-1.5138642073582027,-0.6408544037447718,-0.6912934254866178,,0.724351313409588,-0.999411591593656
0.6469831079305839,-0.5290130914305717,0.6643206700095656,,0.724351313409588,-0.999411591593656
-0.4334405497138094,2.267019716424429,0.9645674242722855,,0.724351313409588,-0.999411591593656
-0.07329933049901165,-0.7526957160589718,-0.5441725158978847,,0.724351313409588,-0.999411591593656
1.7274067655749772,-0.4171717791163717,-0.686789724172677,,0.7428864033125969,-0.999411591593656
-1.5138642073582027,0.2538760947688284,0.6643206700095656,,0.7706890381671102,-0.999411591593656
-0.07329933049901165,0.9249239686540285,0.4526467082543476,,0.7706890381671102,-0.999411591593656
0.28684188871578614,0.030193470140428363,0.9270365799894454,,0.7706890381671102,-0.999411591593656
1.0071243271453816,-0.8645370283731718,0.3265430714640047,,0.8170267629246324,-0.999411591593656
-1.5138642073582027,-0.8645370283731718,0.1313826811932362,,0.8170267629246324,-0.999411591593656
0.28684188871578614,-0.4171717791163717,0.9270365799894454,,0.8633644876821546,-0.999411591593656
-0.4334405497138094,-0.5066448289677318,0.9645674242722855,,0.8633644876821546,-0.999411591593656
-1.5138642073582027,-0.13756849833087167,0.2890122271811646,,0.8633644876821546,-0.999411591593656
-0.4334405497138094,-0.3053304668021717,0.9645674242722855,,0.8633644876821546,-0.999411591593656
-1.5138642073582027,-0.7526957160589718,0.8744933979934693,,0.9097022124396766,-0.999411591593656
-1.5138642073582027,-0.3053304668021717,0.6643206700095656,,0.9097022124396766,-0.999411591593656
-1.5138642073582027,1.7078131548534288,0.07883949919726049,,0.9097022124396766,-0.999411591593656
-0.07329933049901165,1.1486065932824285,0.9270365799894454,,0.9097022124396766,-0.999411591593656
-0.7935817689286072,0.2538760947688284,0.9645674242722855,,0.9097022124396766,-0.999411591593656
-1.5138642073582027,-0.1934891544879717,0.36407391574684483,,0.9560399371971988,-0.999411591593656
-0.07329933049901165,4.5038459627084295,0.814444047140926,,0.9560399371971988,-0.999411591593656
-0.7935817689286072,2.267019716424429,0.36407391574684483,,0.9560399371971988,-0.999411591593656
-0.07329933049901165,0.9249239686540285,0.9645674242722855,,0.9560399371971988,-0.999411591593656
1.7274067655749772,-0.46190830404205174,-1.1371598555667577,,0.9745750271002077,-0.999411591593656
-1.153722988143405,-0.5290130914305717,0.21395053861548444,,1.0023776619547207,-0.999411591593656
-1.153722988143405,-0.8645370283731718,0.4886763187658734,,1.0023776619547207,-0.999411591593656
-0.7935817689286072,-0.3053304668021717,0.06382716148412446,,1.0023776619547207,-0.999411591593656
-1.153722988143405,-0.08164784217377166,0.9645674242722855,,1.0023776619547207,-0.999411591593656
0.6469831079305839,-0.5961178788190917,-1.6250608312436785,,1.0023776619547207,-0.999411591593656
0.6469831079305839,-0.4171717791163717,0.3265430714640047,,1.0023776619547207,-0.999411591593656
1.3672655463601795,-0.6408544037447718,-0.7243205684555172,,-1.1245239044155442,0.999411591593656
1.0071243271453816,-0.2941463355707517,0.17641969433264432,,-1.0318484549005,0.999411591593656
2.087547984789775,-0.46190830404205174,-1.0245673227182375,,-0.9855107301429777,0.999411591593656
1.7274067655749772,0.49992698186006845,2.0154310641918074,,-0.6287102495100576,0.999411591593656
1.3672655463601795,0.7012413440256285,1.1146908014036458,,-0.6194427045585531,0.999411591593656
1.3672655463601795,0.041377601371848365,0.17641969433264432,,-0.614808932082801,0.999411591593656
1.3672655463601795,-0.4730924352734717,0.17641969433264432,,-0.5314010275192611,0.999411591593656
0.6469831079305839,0.2762443572316684,0.02629631720128436,,-0.43409180552846466,0.999411591593656
0.6469831079305839,-0.4171717791163717,-0.08629621564723593,,-0.43409180552846466,0.999411591593656
1.0071243271453816,-0.4171717791163717,0.21395053861548444,,-0.3553176734406771,0.999411591593656
1.7274067655749772,-0.4171717791163717,1.1146908014036458,,1.447219819626933,0.999411591593656
0.6469831079305839,4.5038459627084295,-1.8877767412235589,,4.848408816829057,0.999411591593656
1.3672655463601795,-0.6408544037447718,-1.0245673227182375,,-1.0457497723277567,0.999411591593656
-0.07329933049901165,-0.4171717791163717,0.9495550865591494,,-0.99014450261873,0.999411591593656
-1.153722988143405,-0.4171717791163717,0.9645674242722855,,-0.99014450261873,0.999411591593656
1.3672655463601795,-0.3053304668021717,0.17641969433264432,,-0.9623418677642168,0.999411591593656
0.6469831079305839,-0.03691131724809165,0.36407391574684483,,-0.9438067778612079,0.999411591593656
0.6469831079305839,-0.5178289601991517,0.49918495516506917,,-0.9438067778612079,0.999411591593656
-0.07329933049901165,-0.3053304668021717,0.9645674242722855,,-0.9438067778612079,0.999411591593656
1.7274067655749772,-0.0033589235538316413,0.439135604312525,,-0.9345392329097035,0.999411591593656
-0.07329933049901165,-0.2382256794136517,0.9645674242722855,,-0.8974690531036859,0.999411591593656
1.3672655463601795,0.47755871939722844,1.865307687060447,,-0.8650326457734203,0.999411591593656
-0.4334405497138094,-0.37243525419069173,0.7243700208621098,,-0.8511313283461637,0.999411591593656
-0.07329933049901165,-0.5290130914305717,-0.09380238450380395,,-0.8511313283461637,0.999411591593656
0.6469831079305839,-0.4171717791163717,0.17641969433264432,,-0.8511313283461637,0.999411591593656
-0.07329933049901165,-0.5961178788190917,0.8895057357066053,,-0.8511313283461637,0.999411591593656
0.6469831079305839,-0.5625654851248317,-0.2739504370614364,,-0.8511313283461637,0.999411591593656
1.0071243271453816,-0.4169480964917433,0.17641969433264432,,-0.8418637833946593,0.999411591593656
-0.07329933049901165,-0.3276987292650117,0.9645674242722855,,-0.8047936035886415,0.999411591593656
-0.07329933049901165,-0.08164784217377166,0.814444047140926,,-0.8047936035886415,0.999411591593656
-0.4334405497138094,-0.3948035166535317,-0.011234527081555735,,-0.7584558788311195,0.999411591593656
0.28684188871578614,-0.4171717791163717,0.49918495516506917,,-0.7584558788311195,0.999411591593656
0.28684188871578614,0.030193470140428363,0.814444047140926,,-0.7584558788311195,0.999411591593656
-1.153722988143405,-0.5178289601991517,0.9645674242722855,,-0.7121181540735974,0.999411591593656
-0.07329933049901165,-0.3612511229592717,0.5141972928782051,,-0.6657804293160753,0.999411591593656
0.28684188871578614,-0.05927957971093165,0.5141972928782051,,-0.6657804293160753,0.999411591593656
0.28684188871578614,-0.4169480964917433,-0.08629621564723593,,-0.6194427045585531,0.999411591593656
-0.07329933049901165,0.5894000317114285,0.814444047140926,,-0.6194427045585531,0.999411591593656
-0.4334405497138094,-0.4594477951711393,0.9645674242722855,,-0.6194427045585531,0.999411591593656
0.28684188871578614,-0.1934891544879717,0.9270365799894454,,-0.6194427045585531,0.999411591593656
1.7274067655749772,-0.5290130914305717,-0.2739504370614364,,-0.6009076146555443,0.999411591593656
1.0071243271453816,-0.5290130914305717,0.17641969433264432,,-0.573104979801031,0.999411591593656
-0.07329933049901165,-0.28296220433933167,0.21395053861548444,,-0.573104979801031,0.999411591593656
-0.07329933049901165,-0.7526957160589718,0.9645674242722855,,-0.573104979801031,0.999411591593656
0.28684188871578614,-0.5290130914305717,0.06382716148412446,,-0.573104979801031,0.999411591593656
-0.07329933049901165,-0.3053304668021717,0.13888885004980422,,-0.573104979801031,0.999411591593656
0.6469831079305839,0.2538760947688284,0.9270365799894454,,-0.573104979801031,0.999411591593656
0.28684188871578614,0.7012413440256285,0.814444047140926,,-0.573104979801031,0.999411591593656
-0.4334405497138094,-0.1934891544879717,0.9645674242722855,,-0.573104979801031,0.999411591593656
1.3672655463601795,-0.4171717791163717,0.17641969433264432,,-0.5684712073252788,0.999411591593656
1.0071243271453816,-0.4169480964917433,0.17641969433264432,,-0.5360347999950132,0.999411591593656
1.3672655463601795,-0.08164784217377166,0.17641969433264432,,-0.5360347999950132,0.999411591593656
0.6469831079305839,-0.4169480964917433,0.8744933979934693,,-0.5267672550435089,0.999411591593656
-0.4334405497138094,-0.5290130914305717,0.9645674242722855,,-0.5267672550435089,0.999411591593656
-0.07329933049901165,-0.3500669917278517,0.9645674242722855,,-0.5267672550435089,0.999411591593656
-0.07329933049901165,-0.4171717791163717,0.9645674242722855,,-0.5267672550435089,0.999411591593656
1.3672655463601795,0.030193470140428363,1.865307687060447,,-0.5221334825677567,0.999411591593656
-0.07329933049901165,1.148830275907057,0.9645674242722855,,-0.4804295302859868,0.999411591593656
-1.153722988143405,0.030193470140428363,0.9645674242722855,,-0.4804295302859868,0.999411591593656
-0.4334405497138094,-0.4171717791163717,0.9645674242722855,,-0.4804295302859868,0.999411591593656
1.3672655463601795,0.030193470140428363,1.865307687060447,,-0.4757957578102346,0.999411591593656
1.0071243271453816,0.47755871939722844,0.17641969433264432,,-0.46652821285873014,0.999411591593656
1.3672655463601795,0.2540997773934568,0.17641969433264432,,-0.46189444038297794,0.999411591593656
1.0071243271453816,-0.4169480964917433,0.06382716148412446,,-0.43872557800421685,0.999411591593656
-0.07329933049901165,0.030193470140428363,0.9645674242722855,,-0.43409180552846466,0.999411591593656
-0.07329933049901165,-0.4171717791163717,0.8744933979934693,,-0.43409180552846466,0.999411591593656
0.28684188871578614,-0.5122368945834418,0.439135604312525,,-0.43409180552846466,0.999411591593656
0.6469831079305839,-0.8645370283731718,0.36407391574684483,,-0.43409180552846466,0.999411591593656
1.7274067655749772,-0.4171717791163717,0.36407391574684483,,-0.43409180552846466,0.999411591593656
0.6469831079305839,-0.4171717791163717,0.9270365799894454,,-0.43409180552846466,0.999411591593656
-0.07329933049901165,-0.4171717791163717,0.6267898257267255,,-0.3877540807709425,0.999411591593656
0.28684188871578614,-0.1934891544879717,-0.011234527081555735,,-0.3877540807709425,0.999411591593656
0.6469831079305839,-0.3053304668021717,0.9270365799894454,,-0.3877540807709425,0.999411591593656
-0.4334405497138094,1.5959718425392286,0.6643206700095656,,-0.34141635601342046,0.999411591593656
-0.4334405497138094,0.030193470140428363,0.5141972928782051,,-0.34141635601342046,0.999411591593656
0.6469831079305839,-0.12638436709945167,0.31903690260743667,,-0.34141635601342046,0.999411591593656
-1.153722988143405,-0.4171717791163717,0.21395053861548444,,-0.34141635601342046,0.999411591593656
1.3672655463601795,-0.4169480964917433,-0.2739504370614364,,-0.332148811061916,0.999411591593656
1.3672655463601795,0.2538760947688284,1.865307687060447,,-0.3136137211589072,0.999411591593656
0.28684188871578614,-0.8198005034474918,0.3265430714640047,,-0.29507863125589834,0.999411591593656
-0.07329933049901165,0.030193470140428363,0.9645674242722855,,-0.29507863125589834,0.999411591593656
0.6469831079305839,-0.4171717791163717,-0.2739504370614364,,-0.24874090649837616,0.999411591593656
-0.07329933049901165,-0.4171717791163717,0.6643206700095656,,-0.24874090649837616,0.999411591593656
0.28684188871578614,-0.03691131724809165,0.814444047140926,,-0.24874090649837616,0.999411591593656
-0.07329933049901165,0.47755871939722844,0.5141972928782051,,-0.24874090649837616,0.999411591593656
0.28684188871578614,-0.7526957160589718,0.5141972928782051,,-0.24874090649837616,0.999411591593656
0.6469831079305839,-0.7974322409846518,0.36407391574684483,,-0.24874090649837616,0.999411591593656
1.7274067655749772,-0.4171717791163717,-0.08629621564723593,,-0.24874090649837616,0.999411591593656
-0.7935817689286072,-0.5961178788190917,0.8519748914237653,,-0.24874090649837616,0.999411591593656
0.28684188871578614,0.2538760947688284,0.9270365799894454,,-0.24874090649837616,0.999411591593656
-0.4334405497138094,-0.4171717791163717,0.6493083322964296,,-0.10972773222580982,0.999411591593656
-0.4334405497138094,-0.6408544037447718,0.9645674242722855,,-0.10972773222580982,0.999411591593656
0.6469831079305839,-0.6408544037447718,0.17641969433264432,,-0.0633900074682878,0.999411591593656
0.28684188871578614,-0.8645370283731718,-0.2364195927785963,,-0.0633900074682878,0.999411591593656
0.28684188871578614,-0.5178289601991517,0.36407391574684483,,0.029285442046756514,0.999411591593656
0.6469831079305839,-0.5178289601991517,0.9270365799894454,,0.07562316680427866,0.999411591593656
-0.7935817689286072,0.5894000317114285,-2.3381468726176395,,0.21463634107684487,0.999411591593656
0.28684188871578614,0.030193470140428363,0.17641969433264432,,0.21463634107684487,0.999411591593656
-1.153722988143405,-0.4171717791163717,0.9645674242722855,,0.21463634107684487,0.999411591593656
-0.7935817689286072,-0.7974322409846518,0.9645674242722855,,0.26097406583436705,0.999411591593656
1.0071243271453816,0.47755871939722844,0.17641969433264432,,0.29804424564038473,0.999411591593656
-0.07329933049901165,3.161750214938029,0.9645674242722855,,0.3073117905918892,0.999411591593656
-0.07329933049901165,-0.14875262956229168,0.9645674242722855,,0.35364951534941136,0.999411591593656
0.28684188871578614,-0.7750639785218117,0.8895057357066053,,0.6780135886520662,0.999411591593656
0.28684188871578614,-0.4171717791163717,0.9270365799894454,,1.0023776619547207,0.999411591593656
0.28684188871578614,-0.6408544037447718,0.7543946962883818,,1.0023776619547207,0.999411591593656
-0.7935817689286072,-0.4171717791163717,0.814444047140926,,1.048715386712243,0.999411591593656
-0.4334405497138094,-0.5290130914305717,0.9645674242722855,,1.141390836227287,0.999411591593656
0.6469831079305839,-0.6408544037447718,0.6643206700095656,,1.836456707590119,0.999411591593656
-0.7935817689286072,-0.2605939418764917,0.9645674242722855,,3.5972902483759595,0.999411591593656
-0.07329933049901165,-0.5178289601991517,0.9645674242722855,,9.482181292581268,0.999411591593656
-1.153722988143405,-0.8086163722160717,0.21395053861548444,,-0.43409180552846466,-0.999411591593656
0.28684188871578614,0.030193470140428363,0.814444047140926,,-0.43409180552846466,-0.999411591593656
-0.07329933049901165,-0.4169480964917433,0.6643206700095656,,0.21463634107684487,-0.999411591593656
-0.07329933049901165,-0.7303274535961318,0.8519748914237653,,0.21463634107684487,-0.999411591593656
-1.153722988143405,-0.8645370283731718,0.814444047140926,,0.21463634107684487,-0.999411591593656
-1.5138642073582027,-0.6408544037447718,0.9645674242722855,,0.21463634107684487,-0.999411591593656
-1.153722988143405,-0.8645370283731718,-1.962838429789239,,0.21463634107684487,-0.999411591593656
-1.153722988143405,-0.7471036504432618,-0.5366663470413167,,0.21463634107684487,-0.999411591593656
0.28684188871578614,-0.5290130914305717,0.9270365799894454,,0.21463634107684487,-0.999411591593656
-1.5138642073582027,-0.4171717791163717,0.9645674242722855,,0.21463634107684487,-0.999411591593656
-1.153722988143405,-0.8645370283731718,0.6643206700095656,,0.21463634107684487,-0.999411591593656
-1.153722988143405,-0.8645370283731718,0.2064443697589164,,0.21463634107684487,-0.999411591593656
-0.07329933049901165,-0.5178289601991517,0.9645674242722855,,0.35364951534941136,-0.999411591593656
-0.7935817689286072,-0.8645370283731718,0.9645674242722855,,0.35364951534941136,-0.999411591593656
-0.7935817689286072,-0.8645370283731718,0.9645674242722855,,0.35364951534941136,-0.999411591593656
-1.153722988143405,-0.5178289601991517,-0.08629621564723593,,0.35364951534941136,-0.999411591593656
-1.5138642073582027,-0.8645370283731718,0.9645674242722855,,0.35364951534941136,-0.999411591593656
-0.4334405497138094,-0.7974322409846518,0.9645674242722855,,0.3999872401069335,-0.999411591593656
-0.7935817689286072,-0.37243525419069173,-0.5366663470413167,,0.3999872401069335,-0.999411591593656
-1.153722988143405,-0.6408544037447718,0.9645674242722855,,0.3999872401069335,-0.999411591593656
-1.5138642073582027,-0.8645370283731718,-0.08629621564723593,,0.3999872401069335,-0.999411591593656
-1.5138642073582027,-0.8645370283731718,-0.7618514127383572,,0.3999872401069335,-0.999411591593656
1.7274067655749772,-0.8645370283731718,-0.08629621564723593,,0.4185223300099421,-0.999411591593656
-0.7935817689286072,-0.4171717791163717,0.9645674242722855,,0.4463249648644554,-0.999411591593656
-0.07329933049901165,-0.7526957160589718,-0.3940491387665243,,0.4463249648644554,-0.999411591593656
-0.07329933049901165,-0.8645370283731718,0.9645674242722855,,0.4463249648644554,-0.999411591593656
1.7274067655749772,-0.6880514375413642,3.36654145837405,,0.4648600547674643,-0.999411591593656
-1.5138642073582027,-0.5068685115923601,0.9645674242722855,,0.49266268962197757,-0.999411591593656
-1.5138642073582027,-0.4169480964917433,0.9645674242722855,,0.49266268962197757,-0.999411591593656
0.28684188871578614,-0.5178289601991517,0.8519748914237653,,0.5390004143794997,-0.999411591593656
-1.5138642073582027,-0.4171717791163717,0.9645674242722855,,0.5390004143794997,-0.999411591593656
-0.4334405497138094,1.5959718425392286,0.814444047140926,,0.5853381391370218,-0.999411591593656
-0.7935817689286072,-0.4171717791163717,0.21395053861548444,,0.5853381391370218,-0.999411591593656
-1.153722988143405,-0.8645370283731718,-1.1371598555667577,,0.5853381391370218,-0.999411591593656
-0.07329933049901165,-0.7526957160589718,0.06382716148412446,,0.631675863894544,-0.999411591593656
-0.4334405497138094,-0.7526957160589718,-0.8369131013040371,,0.631675863894544,-0.999411591593656
-1.153722988143405,-0.8645370283731718,0.19143203204578035,,1.0023776619547207,-0.999411591593656
-1.153722988143405,-0.8645370283731718,-0.3865429699099563,,1.0023776619547207,-0.999411591593656
-0.7935817689286072,-0.8645370283731718,0.36407391574684483,,1.048715386712243,-0.999411591593656
-1.5138642073582027,-0.5290130914305717,-1.1371598555667577,,1.048715386712243,-0.999411591593656
-1.153722988143405,-0.5290130914305717,0.9645674242722855,,1.048715386712243,-0.999411591593656
-0.4334405497138094,-0.4171717791163717,0.21395053861548444,,1.048715386712243,-0.999411591593656
-1.5138642073582027,-0.5290130914305717,-0.2529331642630458,,1.2340662857423315,-0.999411591593656
-1.153722988143405,-0.5178289601991517,1.0396291128379658,,1.4194171847724202,-0.999411591593656
-0.4334405497138094,-0.1934891544879717,-0.3865429699099563,,1.4194171847724202,-0.999411591593656
-0.4334405497138094,0.2538760947688284,0.9645674242722855,,1.836456707590119,-0.999411591593656
-1.5138642073582027,-0.8309846346789118,-0.3865429699099563,,1.9291321571051634,-0.999411591593656
1.0071243271453816,-0.8645370283731718,0.17641969433264432,,-1.1291576768912963,0.999411591593656
1.7274067655749772,-0.4171717791163717,1.9779002199089672,,-1.0225809099489955,0.999411591593656
0.6469831079305839,-0.8645370283731718,-0.2739504370614364,,-1.1291576768912963,0.999411591593656
1.0071243271453816,-0.7974322409846518,0.17641969433264432,,-1.0318484549005,0.999411591593656
0.28684188871578614,-0.4171717791163717,0.9645674242722855,,-1.0828199521337742,0.999411591593656
1.3672655463601795,-0.5178289601991517,1.9779002199089672,,-1.07355240718227,0.999411591593656
0.6469831079305839,-0.8645370283731718,-0.2739504370614364,,-1.1291576768912963,0.999411591593656
1.0071243271453816,-0.6408544037447718,0.17641969433264432,,-1.0364822273762522,0.999411591593656
1.7274067655749772,-0.4171717791163717,0.21395053861548444,,-1.0642848622307655,0.999411591593656
0.6469831079305839,-0.7974322409846518,0.3265430714640047,,-1.0364822273762522,0.999411591593656
1.0071243271453816,-0.6855909286704518,0.9270365799894454,,-1.0364822273762522,0.999411591593656
1.7274067655749772,-0.4171717791163717,4.079627499748011,,-0.9947782750944822,0.999411591593656
1.3672655463601795,-0.8086163722160717,-1.6250608312436785,,-1.1615940842215617,0.999411591593656
1.0071243271453816,-0.8198005034474918,0.3265430714640047,,-1.1291576768912963,0.999411591593656
1.7274067655749772,-0.5176052775745233,0.9645674242722855,,-0.9855107301429777,0.999411591593656
0.6469831079305839,-0.4395400415792117,0.9270365799894454,,-0.8974690531036859,0.999411591593656
1.7274067655749772,-0.4169480964917433,1.9779002199089672,,-0.8928352806279336,0.999411591593656
1.7274067655749772,-0.3053304668021717,-0.2739504370614364,,-0.8928352806279336,0.999411591593656
1.7274067655749772,-0.4171717791163717,0.3265430714640047,,-0.8882015081521814,0.999411591593656
1.3672655463601795,-0.40598764788495173,1.865307687060447,,-0.8418637833946593,0.999411591593656
1.3672655463601795,-0.7974322409846518,1.9703940510523992,,-0.8140611485401459,0.999411591593656
1.7274067655749772,-0.4171717791163717,1.4149375556663666,,-0.7908922861613848,0.999411591593656
1.3672655463601795,-0.4169480964917433,1.9779002199089672,,-0.7769909687341283,0.999411591593656
0.6469831079305839,-0.4171717791163717,0.9270365799894454,,-0.7584558788311195,0.999411591593656
1.3672655463601795,-0.4169480964917433,1.865307687060447,,-0.7538221063553673,0.999411591593656
1.3672655463601795,-0.4171717791163717,0.17641969433264432,,-0.7399207889281106,0.999411591593656
1.7274067655749772,-0.5178289601991517,1.865307687060447,,-0.726019471500854,0.999411591593656
1.7274067655749772,-0.4171717791163717,3.81691158976813,,-0.7121181540735974,0.999411591593656
1.7274067655749772,0.030193470140428363,2.615924572717249,,-0.6750479742675797,0.999411591593656
1.3672655463601795,-0.5066448289677318,1.7151843099290873,,-0.614808932082801,0.999411591593656
1.3672655463601795,0.3657174070830284,1.1146908014036458,,-0.5684712073252788,0.999411591593656
0.6469831079305839,-0.4171717791163717,0.814444047140926,,-0.5267672550435089,0.999411591593656
1.7274067655749772,-0.4171717791163717,1.9779002199089672,,-0.5128659376162523,0.999411591593656
1.0071243271453816,-0.4169480964917433,0.17641969433264432,,-0.4711619853344824,0.999411591593656
1.0071243271453816,-0.8645370283731718,0.17641969433264432,,-0.43409180552846466,0.999411591593656
1.3672655463601795,-0.8645370283731718,0.17641969433264432,,-0.33678258353766827,0.999411591593656
1.7274067655749772,-0.5178289601991517,1.865307687060447,,-0.2811773138286417,0.999411591593656
1.7274067655749772,-0.46190830404205174,3.36654145837405,,-0.27654354135288944,0.999411591593656
1.7274067655749772,-0.6408544037447718,1.865307687060447,,0.08025693928003089,0.999411591593656
0.6469831079305839,-0.8198005034474918,0.814444047140926,,0.26097406583436705,0.999411591593656
0.6469831079305839,-0.8086163722160717,0.2064443697589164,,0.26097406583436705,0.999411591593656
0.28684188871578614,-0.8198005034474918,0.21395053861548444,,-1.1291576768912963,0.999411591593656
0.6469831079305839,-0.8533528971417518,0.9270365799894454,,-1.0364822273762522,0.999411591593656
0.6469831079305839,-0.5178289601991517,0.9270365799894454,,-1.0364822273762522,0.999411591593656
-0.07329933049901165,-0.8645370283731718,0.9645674242722855,,-1.0828199521337742,0.999411591593656
1.3672655463601795,-0.1934891544879717,-0.7243205684555172,,-1.0318484549005,0.999411591593656
0.6469831079305839,-0.4171717791163717,0.814444047140926,,-1.0364822273762522,0.999411591593656
1.3672655463601795,-0.5066448289677318,1.865307687060447,,-1.0318484549005,0.999411591593656
-0.07329933049901165,-0.5290130914305717,0.9645674242722855,,-1.0364822273762522,0.999411591593656
1.7274067655749772,-0.6408544037447718,1.1146908014036458,,-1.1106225869882875,0.999411591593656
0.6469831079305839,-0.5290130914305717,0.3265430714640047,,-1.0364822273762522,0.999411591593656
-1.153722988143405,-0.8645370283731718,-0.8369131013040371,,-1.0364822273762522,0.999411591593656
-0.07329933049901165,-0.7526957160589718,0.36407391574684483,,-1.0364822273762522,0.999411591593656
1.0071243271453816,-0.8645370283731718,0.17641969433264432,,-1.055017317279261,0.999411591593656
-0.07329933049901165,-0.7471036504432618,0.9270365799894454,,-1.0364822273762522,0.999411591593656
-0.07329933049901165,-0.8645370283731718,0.9645674242722855,,-1.0828199521337742,0.999411591593656
0.28684188871578614,-0.5178289601991517,0.9270365799894454,,-1.0364822273762522,0.999411591593656
0.28684188871578614,-0.46190830404205174,0.36407391574684483,,-1.0364822273762522,0.999411591593656
1.7274067655749772,-0.8589449627574618,0.2890122271811646,,-1.0457497723277567,0.999411591593656
1.3672655463601795,-0.3053304668021717,1.8277768427776069,,-0.9947782750944822,0.999411591593656
-0.4334405497138094,0.030193470140428363,1.1146908014036458,,-1.0364822273762522,0.999411591593656
-0.4334405497138094,-0.6352623381290617,0.9645674242722855,,-1.0828199521337742,0.999411591593656
1.7274067655749772,-0.8645370283731718,-0.7243205684555172,,-1.0874537246095266,0.999411591593656
0.28684188871578614,-0.8645370283731718,0.17641969433264432,,-1.1291576768912963,0.999411591593656
-0.7935817689286072,-0.8198005034474918,0.9645674242722855,,-0.99014450261873,0.999411591593656
-0.7935817689286072,-0.5066448289677318,-3.357484603339576,,-0.99014450261873,0.999411591593656
-0.7935817689286072,-0.8645370283731718,0.9645674242722855,,-0.99014450261873,0.999411591593656
-0.07329933049901165,-0.6408544037447718,-0.8369131013040371,,-0.99014450261873,0.999411591593656
-0.4334405497138094,-0.8645370283731718,-0.8369131013040371,,-0.99014450261873,0.999411591593656
0.6469831079305839,-0.5290130914305717,0.9270365799894454,,-0.99014450261873,0.999411591593656
-0.07329933049901165,-0.8645370283731718,0.9645674242722855,,-0.99014450261873,0.999411591593656
0.6469831079305839,-0.4171717791163717,0.36407391574684483,,-0.99014450261873,0.999411591593656
-1.153722988143405,-0.8645370283731718,0.13888885004980422,,-0.99014450261873,0.999411591593656
1.0071243271453816,-0.7303274535961318,-0.3114812813442765,,-0.99014450261873,0.999411591593656
-0.7935817689286072,-0.6184861412819318,0.9645674242722855,,-0.99014450261873,0.999411591593656
-0.7935817689286072,0.030193470140428363,-1.1371598555667577,,-0.99014450261873,0.999411591593656
0.28684188871578614,-0.5178289601991517,0.9270365799894454,,-0.99014450261873,0.999411591593656
-0.07329933049901165,-0.4171717791163717,0.36407391574684483,,-0.9438067778612079,0.999411591593656
0.28684188871578614,-0.1934891544879717,0.9270365799894454,,-0.9438067778612079,0.999411591593656
-0.7935817689286072,-0.7526957160589718,1.1146908014036458,,-0.9438067778612079,0.999411591593656
-0.7935817689286072,-0.4169480964917433,0.9645674242722855,,-0.9438067778612079,0.999411591593656
-0.4334405497138094,-0.8198005034474918,0.9645674242722855,,-0.9438067778612079,0.999411591593656
1.0071243271453816,-0.4169480964917433,0.17641969433264432,,-0.9438067778612079,0.999411591593656
-0.07329933049901165,-0.4171717791163717,0.9645674242722855,,-0.9438067778612079,0.999411591593656
-1.153722988143405,-0.6408544037447718,-2.63839362688036,,-0.9438067778612079,0.999411591593656
2.087547984789775,-0.40598764788495173,1.565060932797727,,-0.9160041430066946,0.999411591593656
1.7274067655749772,-0.4169480964917433,1.9779002199089672,,-0.9160041430066946,0.999411591593656
1.0071243271453816,-0.3053304668021717,-2.9386403811430806,,-0.8974690531036859,0.999411591593656
-0.7935817689286072,-0.8634186152500298,0.9645674242722855,,-0.8974690531036859,0.999411591593656
-0.4334405497138094,-0.7526957160589718,0.9645674242722855,,-0.8974690531036859,0.999411591593656
-0.4334405497138094,-0.8645370283731718,0.9645674242722855,,-0.8974690531036859,0.999411591593656
-0.07329933049901165,-0.8645370283731718,0.8039354107417302,,-0.8974690531036859,0.999411591593656
-0.4334405497138094,-0.4171717791163717,0.9645674242722855,,-0.8974690531036859,0.999411591593656
0.6469831079305839,-0.4171717791163717,0.36407391574684483,,-0.8974690531036859,0.999411591593656
1.3672655463601795,-0.4169480964917433,0.06382716148412446,,-0.8882015081521814,0.999411591593656
-0.4334405497138094,-0.5066448289677318,0.9645674242722855,,-0.8511313283461637,0.999411591593656
-0.4334405497138094,-0.7526957160589718,-0.3865429699099563,,-0.8511313283461637,0.999411591593656
0.28684188871578614,-0.6408544037447718,0.9270365799894454,,-0.8511313283461637,0.999411591593656
0.6469831079305839,-0.48427656650489176,0.814444047140926,,-0.8511313283461637,0.999411591593656
-0.07329933049901165,-0.6408544037447718,0.9645674242722855,,-0.8511313283461637,0.999411591593656
0.6469831079305839,-0.3948035166535317,0.814444047140926,,-0.8511313283461637,0.999411591593656
0.6469831079305839,-0.4171717791163717,0.3265430714640047,,-0.8511313283461637,0.999411591593656
0.6469831079305839,-0.7079591911332918,0.17641969433264432,,-0.8511313283461637,0.999411591593656
-1.153722988143405,-0.4171717791163717,-2.63839362688036,,-0.8511313283461637,0.999411591593656
1.0071243271453816,-0.5178289601991517,0.10135800576696455,,-0.8325962384431548,0.999411591593656
-0.07329933049901165,-0.6408544037447718,0.9645674242722855,,-0.8047936035886415,0.999411591593656
1.0071243271453816,-0.8645370283731718,0.17641969433264432,,-0.8047936035886415,0.999411591593656
-0.07329933049901165,-0.8645370283731718,-0.8369131013040371,,-0.8047936035886415,0.999411591593656
0.28684188871578614,-0.6408544037447718,0.9645674242722855,,-0.8047936035886415,0.999411591593656
0.28684188871578614,-0.4171717791163717,0.9270365799894454,,-0.8047936035886415,0.999411591593656
1.0071243271453816,-0.6408544037447718,0.17641969433264432,,-0.7584558788311195,0.999411591593656
-0.07329933049901165,-0.3053304668021717,0.5141972928782051,,-0.7584558788311195,0.999411591593656
-0.07329933049901165,-0.8645370283731718,0.9270365799894454,,-0.7121181540735974,0.999411591593656
-0.4334405497138094,-0.5178289601991517,0.9645674242722855,,-0.7121181540735974,0.999411591593656
0.28684188871578614,0.030193470140428363,0.9270365799894454,,-0.7121181540735974,0.999411591593656
0.28684188871578614,-0.8421687659103319,0.814444047140926,,-0.7121181540735974,0.999411591593656
0.6469831079305839,-0.5290130914305717,0.3265430714640047,,-0.7121181540735974,0.999411591593656
1.7274067655749772,-0.4171717791163717,3.36654145837405,,-0.6982168366463408,0.999411591593656
1.3672655463601795,0.49992698186006845,1.9779002199089672,,-0.6982168366463408,0.999411591593656
-0.7935817689286072,-0.3053304668021717,-0.5366663470413167,,-0.6657804293160753,0.999411591593656
0.28684188871578614,-0.7526957160589718,-1.0245673227182375,,-0.6657804293160753,0.999411591593656
1.3672655463601795,-0.4169480964917433,1.9779002199089672,,-0.6657804293160753,0.999411591593656
1.0071243271453816,-0.4171717791163717,0.17641969433264432,,-0.6657804293160753,0.999411591593656
0.6469831079305839,0.2540997773934568,0.17641969433264432,,-0.6194427045585531,0.999411591593656
-1.153722988143405,-0.3948035166535317,0.9645674242722855,,-0.6194427045585531,0.999411591593656
2.447689204004573,0.030193470140428363,-1.2872832326981178,,-0.614808932082801,0.999411591593656
1.0071243271453816,-0.4171717791163717,0.17641969433264432,,-0.5962738421797921,0.999411591593656
-0.07329933049901165,-0.2382256794136517,0.9645674242722855,,-0.573104979801031,0.999411591593656
-0.7935817689286072,-0.5066448289677318,0.9645674242722855,,-0.573104979801031,0.999411591593656
0.6469831079305839,-0.8645370283731718,-0.2739504370614364,,-0.573104979801031,0.999411591593656
-0.07329933049901165,-0.8589449627574618,0.9645674242722855,,-0.573104979801031,0.999411591593656
0.6469831079305839,0.030193470140428363,0.9270365799894454,,-0.573104979801031,0.999411591593656
-0.07329933049901165,-0.7526957160589718,0.9270365799894454,,-0.573104979801031,0.999411591593656
1.3672655463601795,0.030193470140428363,1.865307687060447,,-0.5314010275192611,0.999411591593656
-0.07329933049901165,-0.08164784217377166,0.9645674242722855,,-0.5267672550435089,0.999411591593656
0.6469831079305839,0.052561732603268366,0.9645674242722855,,-0.5267672550435089,0.999411591593656
-0.4334405497138094,-0.6408544037447718,0.06382716148412446,,-0.5267672550435089,0.999411591593656
-0.07329933049901165,-0.8645370283731718,0.9645674242722855,,-0.5267672550435089,0.999411591593656
-0.4334405497138094,-0.8198005034474918,0.9645674242722855,,-0.5267672550435089,0.999411591593656
0.28684188871578614,-0.4171717791163717,0.9270365799894454,,-0.4804295302859868,0.999411591593656
-0.07329933049901165,-0.4171717791163717,-0.5366663470413167,,-0.4804295302859868,0.999411591593656
-1.153722988143405,-0.8198005034474918,-1.1371598555667577,,-0.4804295302859868,0.999411591593656
-0.07329933049901165,0.3657174070830284,0.9270365799894454,,-0.43409180552846466,0.999411591593656
-0.07329933049901165,-0.5178289601991517,0.9645674242722855,,-0.43409180552846466,0.999411591593656
1.0071243271453816,-0.5178289601991517,0.9270365799894454,,-0.43409180552846466,0.999411591593656
-0.4334405497138094,-0.8645370283731718,0.9645674242722855,,-0.43409180552846466,0.999411591593656
-1.153722988143405,-0.6408544037447718,0.9645674242722855,,-0.43409180552846466,0.999411591593656
-0.07329933049901165,0.47755871939722844,0.6643206700095656,,-0.3877540807709425,0.999411591593656
-0.4334405497138094,0.2540997773934568,-0.7243205684555172,,-0.3877540807709425,0.999411591593656
-0.07329933049901165,-0.4171717791163717,0.9645674242722855,,-0.3877540807709425,0.999411591593656
-0.7935817689286072,-0.21585741695081168,0.9645674242722855,,-0.3877540807709425,0.999411591593656
0.6469831079305839,-0.5290130914305717,0.9270365799894454,,-0.3877540807709425,0.999411591593656
-0.4334405497138094,-0.3903298641609637,0.21395053861548444,,-0.3877540807709425,0.999411591593656
1.3672655463601795,-0.5178289601991517,1.9779002199089672,,-0.36458521839218155,0.999411591593656
-0.07329933049901165,-0.4171717791163717,0.9645674242722855,,-0.34141635601342046,0.999411591593656
-0.7935817689286072,-0.08164784217377166,0.9420489177025815,,-0.34141635601342046,0.999411591593656
1.7274067655749772,0.030193470140428363,1.4149375556663666,,-0.3275150385861638,0.999411591593656
0.6469831079305839,-0.3948035166535317,0.36407391574684483,,-0.29507863125589834,0.999411591593656
1.7274067655749772,0.030193470140428363,0.17641969433264432,,-0.2626422239256328,0.999411591593656
0.28684188871578614,-0.8198005034474918,-0.2979701774024539,,-0.24874090649837616,0.999411591593656
-0.07329933049901165,-0.46190830404205174,0.06382716148412446,,-0.24874090649837616,0.999411591593656
-0.4334405497138094,-0.4171717791163717,0.9645674242722855,,-0.24874090649837616,0.999411591593656
0.28684188871578614,-0.4169480964917433,0.9270365799894454,,-0.24874090649837616,0.999411591593656
0.28684188871578614,-0.46190830404205174,0.9270365799894454,,-0.20240318174085414,0.999411591593656
1.0071243271453816,-0.8645370283731718,-0.2739504370614364,,-0.156065456983332,0.999411591593656
0.28684188871578614,-0.4102376177528913,0.8895057357066053,,-0.10972773222580982,0.999411591593656
1.3672655463601795,-0.4171717791163717,-0.7243205684555172,,-0.10972773222580982,0.999411591593656
0.28684188871578614,-0.8645370283731718,0.9270365799894454,,-0.10972773222580982,0.999411591593656
0.28684188871578614,-0.8645370283731718,-1.6250608312436785,,-0.0633900074682878,0.999411591593656
-0.7935817689286072,-0.7526957160589718,-1.7376533640921987,,-0.017052282710765643,0.999411591593656
-0.4334405497138094,-0.5178289601991517,0.9645674242722855,,0.07562316680427866,0.999411591593656
-0.7935817689286072,-0.8086163722160717,-0.9870364784353974,,0.12196089156180082,0.999411591593656
-0.7935817689286072,0.08611412629752838,-0.3865429699099563,,0.12196089156180082,0.999411591593656
0.28684188871578614,-0.8645370283731718,0.814444047140926,,0.12196089156180082,0.999411591593656
0.6469831079305839,-0.5290130914305717,0.9270365799894454,,0.21463634107684487,0.999411591593656
0.6469831079305839,-0.8198005034474918,0.6643206700095656,,0.21463634107684487,0.999411591593656
0.28684188871578614,-0.6408544037447718,0.9270365799894454,,0.26097406583436705,0.999411591593656
1.0071243271453816,-0.3053304668021717,0.17641969433264432,,0.3073117905918892,0.999411591593656
0.28684188871578614,-0.6408544037447718,-0.7243205684555172,,0.35364951534941136,0.999411591593656
-0.07329933049901165,-0.8589449627574618,0.06382716148412446,,0.3999872401069335,0.999411591593656
-0.07329933049901165,-0.1934891544879717,0.9645674242722855,,0.4463249648644554,0.999411591593656
-0.7935817689286072,-0.7303274535961318,-1.7376533640921987,,0.5853381391370218,0.999411591593656
-0.7935817689286072,1.1486065932824285,0.36407391574684483,,1.4657549095299418,0.999411591593656
-0.7935817689286072,-0.4171717791163717,0.9645674242722855,,10.40893578773171,0.999411591593656
-1.153722988143405,-0.7526957160589718,0.06382716148412446,,0.21463634107684487,-0.999411591593656
1.7274067655749772,-0.8645370283731718,-1.0245673227182375,,-1.147692766794305,0.999411591593656
1.7274067655749772,-0.08164784217377166,-0.686789724172677,,-0.9160041430066946,0.999411591593656
1.7274067655749772,-0.46190830404205174,1.557554763941159,,0.45559250981595983,0.999411591593656
0.28684188871578614,-0.6408544037447718,0.5141972928782051,,-1.0364822273762522,0.999411591593656
1.7274067655749772,-0.5290130914305717,1.1146908014036458,,-1.0272146824247477,0.999411591593656
0.28684188871578614,-0.22704154818223168,0.814444047140926,,-1.0364822273762522,0.999411591593656
-0.07329933049901165,-0.8645370283731718,0.06382716148412446,,-1.0364822273762522,0.999411591593656
-0.4334405497138094,-0.6292229072640949,0.814444047140926,,-0.99014450261873,0.999411591593656
0.28684188871578614,-0.8645370283731718,0.21395053861548444,,-0.99014450261873,0.999411591593656
0.28684188871578614,-0.6408544037447718,0.9270365799894454,,-0.8974690531036859,0.999411591593656
-0.07329933049901165,0.030193470140428363,0.6643206700095656,,-0.8511313283461637,0.999411591593656
-0.07329933049901165,-0.8645370283731718,0.21395053861548444,,-0.7121181540735974,0.999411591593656
-0.07329933049901165,-0.3500669917278517,0.9645674242722855,,-0.5267672550435089,0.999411591593656
-0.4334405497138094,-0.6408544037447718,0.9645674242722855,,-0.5267672550435089,0.999411591593656
